2021-12-04 05:41:51+00:00, 2021-12-04T05:29:11.3Z
2022-05-30 22:41:51+00:00, 2022-04-30T18:45:13.2Z
2022-11-23 05:41:51+00:00, 2022-10-25T08:58:10.3Z
2023-04-20 23:41:51+00:00, 2023-04-20T01:34:15.8Z
2023-10-13 19:41:51+00:00, 2023-10-14T15:03:38.4Z
2024-04-09 02:41:51+00:00, 2024-04-08T15:42:07.0Z
2024-10-02 03:41:51+00:00, 2024-10-02T15:42:46.5Z
2025-03-29 02:41:51+00:00, 2025-03-29T08:50:34.9Z
2025-09-21 14:41:51+00:00, 2025-09-21T17:29:31.8Z
2026-03-18 01:41:51+00:00, 2026-02-17T09:56:14.4Z
2026-09-11 02:41:51+00:00, 2026-08-12T15:34:01.1Z
2027-02-05 07:41:51+00:00, 2027-02-06T12:57:23.5Z
2027-08-02 04:41:51+00:00, 2027-08-02T07:30:00.3Z
2028-01-25 09:41:51+00:00, 2028-01-26T12:06:28.1Z
2028-07-21 09:41:51+00:00, 2028-07-22T00:27:23.1Z
2029-01-13 16:41:51+00:00, 2029-01-14T15:01:44.4Z
2029-07-10 10:41:51+00:00, 2029-06-12T02:26:14.6Z
2030-01-03 02:41:51+00:00, 2029-07-11T14:27:35.0Z
2030-06-29 11:41:51+00:00, 2029-12-05T13:06:25.9Z
2030-11-24 05:41:51+00:00, 2030-06-01T03:34:28.8Z
2030-12-23 14:41:51+00:00, 2030-11-25T04:16:29.0Z
2031-05-19 18:41:51+00:00, 2031-05-21T04:13:59.1Z
2031-11-13 12:41:51+00:00, 2031-11-14T18:22:59.5Z
2032-05-07 21:41:51+00:00, 2032-05-09T11:09:40.9Z
2032-11-01 18:41:51+00:00, 2032-11-03T03:22:06.4Z
2033-04-27 04:41:51+00:00, 2033-03-30T15:59:17.7Z
2033-10-21 20:41:51+00:00, 2033-09-23T11:47:35.6Z
2034-03-18 08:41:51+00:00, 2034-03-20T07:39:44.3Z
2034-04-16 15:41:51+00:00, 2034-09-12T13:26:24.1Z
2034-09-11 02:41:51+00:00, 2035-03-09T20:20:33.2Z
2035-03-07 18:41:51+00:00, 2035-09-02T23:15:15.2Z
2035-08-31 00:41:51+00:00, 2036-02-27T02:47:04.5Z
2036-02-25 03:41:51+00:00, 2036-07-23T09:33:48.0Z
2036-08-19 02:41:51+00:00, 2036-08-21T15:32:59.9Z
2037-02-13 10:41:51+00:00, 2037-01-16T07:41:04.2Z
2037-08-08 09:41:51+00:00, 2037-07-13T00:14:53.1Z
2038-01-03 21:41:51+00:00, 2038-01-05T10:58:27.1Z
2038-06-29 13:41:51+00:00, 2038-07-02T10:36:03.1Z
2038-12-23 17:41:51+00:00, 2038-12-26T22:19:17.9Z
2039-06-19 00:41:51+00:00, 2039-06-21T14:34:50.8Z
2039-12-12 14:41:51+00:00, 2039-12-15T14:17:22.8Z
2040-06-07 11:41:51+00:00, 2040-05-11T01:55:09.0Z
2040-11-30 14:41:51+00:00, 2040-11-04T17:07:59.1Z
2041-04-28 11:41:51+00:00, 2041-04-30T09:10:49.4Z
2041-05-27 21:41:51+00:00, 2041-10-25T22:39:23.3Z
2041-11-19 19:41:51+00:00, 2042-04-20T23:40:09.8Z
2042-04-17 12:41:51+00:00, 2042-10-14T22:55:32.0Z
2042-10-10 17:41:51+00:00, 2043-04-09T16:55:57.0Z
2043-04-06 10:41:51+00:00, 2043-10-03T00:42:36.0Z
2043-09-30 04:41:51+00:00, 2044-02-28T18:08:57.7Z
